"5"," Security Policy",
"5.1"," Information Security Policy",
"5.1.1"," Information Security Policy Document",
"5.1.2"," Review Ofthe Information Security Policy",
"6"," Organization Of Information Security",
"6.1"," Internal Organization",
"6.1.1"," Management Commitment To Information Security",
"6.1.2"," Information Security Co-Ordination",
"6.1.3"," Allocation Of Information Security Responsibilities",
"6.1.4"," Authorization Process For Information Processing Facilities",
"6.1.5"," Conjidentiality Agreements",
"6.1.6"," Contact With Authorities",
"6.1.7"," Contact With Special Interest Groups",
"6.1.8"," Independent Review Of Information Security",
"6.2"," External Parties",
"6.2.1"," Identwcation Of Risks Related To External Parties",
"6.2.2"," Addressing Security When Dealing With Customers",
"6.2.3"," Addressing Security In Thirdparty Agreements",
"7"," Asset Management",
"7.1"," Responsibility For Assets",
"7.1.1"," Inventory Of Assets",
"7.1.2"," Ownership Of Assets",
"7.1.3"," Acceptable Use Of Assets",
"7.2"," Information Classification",
"7.2.1"," Classifcation Guidelines",
"7.2.2"," Information Labeling And Handling",
"8"," Human Resources Security",
"8.1"," Prior To Employment",
"8.1.1"," Roles And Responsibilities",
"8.1.2"," Screening",
"8.1.3"," Terms And Conditions Of Employment",
"8.2"," During Employment",
"8.2.1"," Management Responsibilities",
"8.2.2"," Information Security Awareness, Education, And Training",
"8.2.3"," Disciplinary Process",
"8.3"," Termination Or Change Of Employment",
"8.3.1"," Termination Responsibilities",
"8.3.2"," Return Of Assets",
"8.3.3"," Removal Of Access Rights",
"9"," Physical And Environmental Security",
"9.1"," Secure Areas",
"9.1.1"," Physical Security Perimeter",
"9.1.2"," Physical Entry Controls",
"9.1.3"," Securing Ojfices, Rooms, And Facilities",
"9.1.4"," Protecting Against External And Environmental Threats",
"9.1.5"," Working In Secure Areas",
"9.1.6"," Public Access, Delivery, And Loading Areas",
"9.2"," Equipment Security",
"9.2.1"," Equipment Siting And Protection",
"9.2.2"," Supporting Utilities",
"9.2.3"," Cabling Security",
"9.2.4"," Equipment Maintenance",
"9.2.5"," Security Of Equipment Ojfpremises",
"9.2.6"," Secure Disposal Or Re-Use Of Equipment",
"9.2.7"," Removal Of Property",
"10"," Communications And Operations Management",
"10.1"," Operational Procedures And Responsibilities",
"10.1.1"," Documented Operating Procedures",
"10.1.2"," Change Management",
"10.1.3"," Segregation Of Duties",
"10.1.4"," Separation Of Development, Test, And Operational Facilities",
"10.2"," Third Party Service Delivery Management",
"10.2.1"," Service Delivery",
"10.2.2"," Monitoring And Review Of Third Party Services",
"10.2.3"," Managing Changes To Thirdparty Services",
"10.3"," System Planning And Acceptance",
"10.3.1"," Capacity Management",
"10.3.2"," System Acceptance",
"10.4"," Protection Against Malicious And Mobile Code",
"10.4.1"," Controls Against Malicious Code",
"10.4.2"," Controls Against Mobile Code",
"10.5"," Back-Up",
"10.5.1"," Information Back-Up",
"10.6"," Network Security Management",
"10.6.1"," Network Controls",
"10.6.2"," Security Of Network Services",
"10.7"," Media Handling",
"10.7.1"," Management Of Removable Media",
"10.7.2"," Disposal Of Media",
"10.7.3"," Information Handling Procedures",
"10.7.4"," Security Of System Documentation",
"10.8"," Exchange Of Information",
"10.8.1"," Information Exchange Policies And Procedures",
"10.8.2"," Exchange Agreements",
"10.8.3"," Physical Media In Transit",
"10.8.4"," Electronic Messaging",
"10.8.5"," Business Information Systems",
"10.9"," Electronic Commerce Services",
"10.9.1"," Electronic Commerce",
"10.9.2"," On-Line Transactions",
"10.9.3"," Publicly Available Information",
"10.10"," Monitoring",
"10.10.1"," Audit Logging",
"10.10.2"," Monitoring System Use",
"10.10.3"," Protection Of Log Information",
"10.10.4"," Administrator And Operator Logs",
"10.10.5"," Fault Logging",
"10.10.6"," Clock Synchronization",
"11"," Access Control",
"11.1"," Business Requirement For Access Control",
"11.1.1"," Access Control Policy",
"11.2"," User Access Management",
"11.2.1"," User Registration",
"11.2.2"," Privilege Management",
"11.2.3"," User Password Management",
"11.2.4"," Review Of User Access Rights",
"11.3"," User Responsibilities",
"11.3.1"," Password Use",
"11.3.2"," Unattended User Equipment",
"11.3.3"," Clear Desk And Clear Screen Policy",
"11.4"," Network Access Control",
"11.4.1"," Policy On Use Of Network Services",
"11.4.2"," User Authentication For External Connections",
"11.4.3"," Equipment Identwcation In Networks",
"11.4.4"," Remote Diagnostic And Confguration Port Protection",
"11.4.5"," Segregation In Networks",
"11.4.6"," Network Connection Control",
"11.4.7"," Network Routing Control",
"I"," 1.5 Operating System Access Control",
"11.5.1"," Secure Log-On Procedures",
"11.5.2"," User Identwcation And Authentication",
"11.5.3"," Password Management System",
"11.5.4"," Use Of System Utilities",
"11.5.5"," Session Time-Out",
"11.5.6"," Limitation Of Connection Time",
"I1.6"," Application And Information Access Control",
"11.6.1"," Information Access Restriction",
"11.6.2"," Sensitive System Isolation",
"11.7"," Mobile Computing And Teleworking",
"11.7.1"," Mobile Computing And Communications",
"11.7.2"," T Eleworking",
"12"," Information Systems Acquisition, Development And Maintenance",
"12.1"," Security Requirements Of Information Systems",
"12.1.1"," Security Requirements Analysis And Specq7Cation",
"12.2"," Correct Processing In Applications",
"12.2.1"," Input Data Validation",
"12.2.2"," Control Of Internal Processing",
"12.2.3"," Message Integrity",
"12.2.4"," Output Data Validation",
"12.3"," Cryptographic Controls",
"12.3.1"," Policy On The Use Of Cryptographic Controls",
"12.3.2"," Key Management",
"12.4"," Security Of System Files",
"12.4.1"," Control Of Operational Software",
"12.4.2"," Protection Of System Test Data",
"12.4.3"," Access Control To Program Source Code",
"12.5"," Security In Development And Support Processes",
"12.5.1"," Change Control Procedures",
"12.5.2"," Technical Review Of Applications A]?Er Operating System Changes",
"12.5.3"," Restrictions On Changes To Software Packages",
"12.5.4"," Information Leakage",
"12.5.5"," Outsourced Software Development",
"12.6"," Technical Vulnerability Management",
"12.6.1"," Control Of Technical Vulnerabilities",
"13"," Information Security Incident Management",
"13.1"," Reporting Information Security Events And Weaknesses",
"13.1.1"," Reporting Information Security Events",
"13.1.2"," Reporting Security Weaknesses",
"13.2"," Management Of Information Security Incidents And Improvements",
"13.2.1"," Responsibilities And Procedures",
"13.2.2"," Learning From Information Security Incidents",
"13.2.3"," Collection Of Evidence",
"14"," Business Continuity Management",
"14.1"," Information Security Aspects Of Business Continuity Management",
"14.1.1"," Including Information Security In The Business Continuity Management Process",
"14.1.2"," Business Continuity And Risk Assessment",
"14.1.3"," Developing And Implementing Continuity Plans Including Information Security",
"14.1.4"," Business Continuity Planning Framework",
"14.1.5"," Testing, Maintaining And Re-Assessing Business Continuity Plans",
"15"," Compliance",
"15.1"," Compliance With Legal Requirements",
"15.1.1"," Identwcation Of Applicable Legislation",
"15.1.2"," Intellectual Property Rights (Ipr)",
"15.1.3"," Protection Of Organizational Records",
"15.1.4"," Data Protection And Privacy Of Personal Information",
"15.1.5"," Prevention Of Misuse Of Information Processing Facilities",
"15.1.6"," Regulation Of Cryptographic Controls",
"15.2"," Compliance With Security Policies And Standards, And Technical Compliance",
"15.2.1"," Compliance With Security Policies And Standards",
"15.2.2"," Technical Compliance Checking",
"15.3"," Information Systems Audit Considerations",
"15.3.1"," Information Systems Audit Controls",
"15.3.2"," Protection Of Information Systems Audit Tools",
